{
  "C": {
    "Height": 75.4939759,
    "Weight": 289.0361446
  },
  "CB": {
    "Height": 71.02755906,
    "Weight": 187.2952756
  },
  "DE": {
    "Height": 75.84615385,
    "Weight": 268.3076923
  },
  "DT": {
    "Height": 74.47761194,
    "Weight": 292.7960199
  },
  "FB": {
    "Height": 71.86567164,
    "Weight": 236.6716418
  },
  "FS": {
    "Height": 71.46,
    "Weight": 199.4466667
  },
  "ILB": {
    "Height": 73.39160839,
    "Weight": 230.3426573
  },
  "K": {
    "Height": 71.74576271,
    "Weight": 190.1525424
  },
  "OG": {
    "Height": 75.52513966,
    "Weight": 293.4748603
  },
  "OLB": {
    "Height": 74.44270833,
    "Weight": 237.8958333
  },
  "OT": {
    "Height": 75.54054054,
    "Weight": 293.3552124
  },
  "P": {
    "Height": 72.45070423,
    "Weight": 189.1971831
  },
  "QB": {
    "Height": 73.88826816,
    "Weight": 218.9497207
  },
  "RB": {
    "Height": 70.3628692,
    "Weight": 209.1561181
  },
  "SS": {
    "Height": 71.53271028,
    "Weight": 200.3364486
  },
  "TE": {
    "Height": 75.64393939,
    "Weight": 238.3636364
  },
  "WR": {
    "Height": 72.40863787,
    "Weight": 193.833887
  }
}
